variant,params,window_size,max_channels,desktop_ms,desktop_std_ms,mobile_low_end_cpu_ms,mobile_low_end_gpu_ms,mobile_low_end_gpu_optimized_ms,mobile_mid_range_cpu_ms,mobile_mid_range_gpu_ms,mobile_mid_range_gpu_optimized_ms,mobile_high_end_cpu_ms,mobile_high_end_gpu_ms,mobile_high_end_gpu_optimized_ms
ultra_fast,48755,64,128,10.29085636138916,0.08163643619150245,82.32685089111328,41.16342544555664,24.698055267333984,41.16342544555664,25.7271409034729,15.43628454208374,20.58171272277832,15.43628454208374,9.261770725250244
fast,184547,100,256,10.27698278427124,0.5046532509085672,82.21586227416992,41.10793113708496,24.664758682250977,41.10793113708496,25.6924569606781,15.41547417640686,20.55396556854248,15.41547417640686,9.249284505844116
balanced,660771,128,512,12.940845489501953,0.22259586640802076,103.52676391601562,51.76338195800781,31.058029174804688,51.76338195800781,32.35211372375488,19.41126823425293,25.881690979003906,19.41126823425293,11.646760940551758
accurate,717251,200,512,10.494468212127686,0.2141557046570289,83.95574569702148,41.97787284851074,25.186723709106445,41.97787284851074,26.236170530319214,15.741702318191528,20.98893642425537,15.741702318191528,9.445021390914917
